
-- GRUPOS
INSERT INTO GRUPO VALUES (1, 'ALIMENTOS E BEBIDAS','S');
INSERT INTO GRUPO VALUES (2, 'INFORMÁTICA E TECNOLOGIA','S');
INSERT INTO GRUPO VALUES (3, 'CASA E ESCRITÓRIO','S');
INSERT INTO GRUPO VALUES (4, 'CULTURA E DIVERSÃO','S');
INSERT INTO GRUPO VALUES (5, 'MODA E BELEZA','S');
INSERT INTO GRUPO VALUES (6, 'FERRAMENTAS E AUTOMOTIVO','S');
INSERT INTO GRUPO VALUES (7, 'ESPORTE E SAÚDE','S');
INSERT INTO GRUPO VALUES (8, 'BEBÊS E BRINQUEDOS','S');

-- DEPARTAMENTOS

INSERT INTO DEPARTAMENTO VALUES (1,'INFORMATICA','S',1);
INSERT INTO DEPARTAMENTO VALUES (2,'TABLETS','S',1);
INSERT INTO DEPARTAMENTO VALUES (3,'CINE E FOTO','S',1);
INSERT INTO DEPARTAMENTO VALUES (4,'TELEFONES E CELULARES','S',1);
INSERT INTO DEPARTAMENTO VALUES (5,'AUDIO','S',1);
INSERT INTO DEPARTAMENTO VALUES (6,'TV E VIDEO','S',1);
INSERT INTO DEPARTAMENTO VALUES (7,'ELETRODOMÉSTICOS','S',3);
INSERT INTO DEPARTAMENTO VALUES (8,'MÓVEIS','S',3);
INSERT INTO DEPARTAMENTO VALUES (9,'ELETROPORTÁTEIS','S',3);
INSERT INTO DEPARTAMENTO VALUES (10,'UTILIDADES DOMÉSTICAS','S',3);
INSERT INTO DEPARTAMENTO VALUES (11,'CAMA, MESA E BANHO','S',3);
INSERT INTO DEPARTAMENTO VALUES (12,'AR E VENTILAÇÃO','S',3);


INSERT INTO DEPARTAMENTO VALUES (13,'GAMES','S',4);
INSERT INTO DEPARTAMENTO VALUES (14,'DVDS E BLU-RAY','S',4);
INSERT INTO DEPARTAMENTO VALUES (15,'LIVROS','S',4);
INSERT INTO DEPARTAMENTO VALUES (16,'PAPELARIA','S',4);
INSERT INTO DEPARTAMENTO VALUES (17,'LIVROS DIGITAIS','S',4);


INSERT INTO DEPARTAMENTO VALUES (18,'CALÇADOS','S',5);
INSERT INTO DEPARTAMENTO VALUES (19,'MODA','S',5);
INSERT INTO DEPARTAMENTO VALUES (20,'RELÓGIOS','S',5);
INSERT INTO DEPARTAMENTO VALUES (21,'PERFUMARIA','S',5);
INSERT INTO DEPARTAMENTO VALUES (22,'MALAS E MOCHILAS','S',5);
INSERT INTO DEPARTAMENTO VALUES (23,'BELEZA E SAÚDE','S',5);

INSERT INTO DEPARTAMENTO VALUES (24,'AUTOMOTIVO','S',6);
INSERT INTO DEPARTAMENTO VALUES (25,'FERRAMENTAS','S',6);

INSERT INTO DEPARTAMENTO VALUES (26,'ESPORTE E LAZER','S',7);
INSERT INTO DEPARTAMENTO VALUES (27,'SUPLEMENTOS ALIMENTARES','S',7);

INSERT INTO DEPARTAMENTO VALUES (28,'BEBÊS','S',8);
INSERT INTO DEPARTAMENTO VALUES (29,'BRINQUEDOS','S',8);

INSERT INTO DEPARTAMENTO VALUES (30,'ALIMENTOS E BEBIDAS','S',1);
INSERT INTO DEPARTAMENTO VALUES (31,'VINHOS E CERVEJAS','S',1);

-- CATEGORIA
-- DEPARTAMENTO DE INFORMÁTICA

INSERT INTO CATEGORIA VALUES (2, 'ULTRABOOK','S',1,1);
INSERT INTO CATEGORIA VALUES (3, 'NOTEBOOK','S',1,2);
INSERT INTO CATEGORIA VALUES (4, 'NETBOOK','S',1,3);
INSERT INTO CATEGORIA VALUES (5, 'COMPUTADORES','S',1,4);
INSERT INTO CATEGORIA VALUES (6, 'COMPUTADOR ALL IN ONE','S',1,5);
INSERT INTO CATEGORIA VALUES (7, 'MONITORES','S',1,6);
INSERT INTO CATEGORIA VALUES (8, 'IMPRESSORAS','S',1,7);
INSERT INTO CATEGORIA VALUES (9, 'MULTIFUNCIONAL','S',1,8);
INSERT INTO CATEGORIA VALUES (10, 'IPOS E ACESSÓRIOS','S',1,9);
-- DEPARTAMENTO DE INFORMÁTICA

INSERT INTO CATEGORIA VALUES (11, 'SUPRIMENTOS','S',1,10);
INSERT INTO CATEGORIA VALUES (12, 'SCANNER','S',1,11);
INSERT INTO CATEGORIA VALUES (13, 'PROJETORES','S',1,12);
INSERT INTO CATEGORIA VALUES (14, 'PEN DRIVES','S',1,13);
INSERT INTO CATEGORIA VALUES (15, 'HD EXTERNO','S',1,14);
INSERT INTO CATEGORIA VALUES (16, 'COMPONENTES E PEÇAS','S',1,15);
INSERT INTO CATEGORIA VALUES (17, 'SOFTWARES','S',1,16);
INSERT INTO CATEGORIA VALUES (18, 'PROTEÇÃO ELÉTRICA','S',1,17);
INSERT INTO CATEGORIA VALUES (19, 'EQUIPAMENTOS DE REDE / WIRELESS','S',1,18);
INSERT INTO CATEGORIA VALUES (20, 'ACESSÓRIOS E PERIFÉRICOS','S',1,19);
INSERT INTO CATEGORIA VALUES (21, 'SERVIÇOS','S',1,20);
INSERT INTO CATEGORIA VALUES (22, 'FONES DE OUVIDO','S',1,21);
INSERT INTO CATEGORIA VALUES (23, 'JOGOS PARA PC','S',1,22);

-- DEPARTAMENTO DE CINE E FOTO...

INSERT INTO CATEGORIA VALUES (24, 'CAMERAS DIGITAIS', 'S', 3, 1);
INSERT INTO CATEGORIA VALUES (25, 'FILMADORAS', 'S', 3, 1);
INSERT INTO CATEGORIA VALUES (26, 'FILMADORAS', 'S', 3, 1);
INSERT INTO CATEGORIA VALUES (27, 'CARTÕES DE MEMÓRIA', 'S', 3, 1);
INSERT INTO CATEGORIA VALUES (28, 'PORTA RETRATO DIGITAL', 'S', 3, 1);
INSERT INTO CATEGORIA VALUES (29, 'BINÓCULOS E TELESCÓPIOS', 'S', 3, 1);
INSERT INTO CATEGORIA VALUES (30, 'CAMERAS ESPECIAIS', 'S', 3, 1);
INSERT INTO CATEGORIA VALUES (31, 'PILHAS BATERIAS E CARREGADORES', 'S', 3, 1);
INSERT INTO CATEGORIA VALUES (32, 'ACESSÓRIOS ORIGINAIS', 'S', 3, 1);
INSERT INTO CATEGORIA VALUES (33, 'ACESSÓRIOS', 'S', 3, 1);
INSERT INTO CATEGORIA VALUES (34, 'DRONE', 'S', 3, 1);

-- DEPARTAMENTO DE ELETRODOMÉSTICOS...

INSERT INTO CATEGORIA VALUES (35, 'ACESSÓRIOS', 'S', 7, 1);
INSERT INTO CATEGORIA VALUES (36, 'ADEGA DE VINHOS', 'S', 7, 1);
INSERT INTO CATEGORIA VALUES (37, 'CHURRASQUEIRAS', 'S', 7, 1);
INSERT INTO CATEGORIA VALUES (38, 'COIFAS', 'S', 7, 1);
INSERT INTO CATEGORIA VALUES (39, 'LAVA E SECA', 'S', 7, 1);
INSERT INTO CATEGORIA VALUES (40, 'COOLER', 'S', 7, 1);
INSERT INTO CATEGORIA VALUES (41, 'DEPURADORES DE AR', 'S', 7, 1);
INSERT INTO CATEGORIA VALUES (42, 'FOGÕES', 'S', 7, 1);
INSERT INTO CATEGORIA VALUES (43, 'FORNO DE EMBUTIR', 'S', 7, 1);
INSERT INTO CATEGORIA VALUES (44, 'FORNO DE MICRO-ONDAS', 'S', 7, 1);
INSERT INTO CATEGORIA VALUES (45, 'FREEZER', 'S', 7, 1);
INSERT INTO CATEGORIA VALUES (46, 'LAVADORAS', 'S', 7, 1);
INSERT INTO CATEGORIA VALUES (47, 'LAVA-LOUÇAS', 'S', 7, 1);
INSERT INTO CATEGORIA VALUES (48, 'COOKTOPS', 'S', 7, 1);
INSERT INTO CATEGORIA VALUES (49, 'REFRIGERADORES', 'S', 7, 1);
INSERT INTO CATEGORIA VALUES (51, 'SECADORAS DE ROUPAS', 'S', 7, 1);
INSERT INTO CATEGORIA VALUES (52, 'CENTRÍFUGAS DE ROUPAS', 'S', 7, 1);
INSERT INTO CATEGORIA VALUES (53, 'AQUECEDORES A GÁS E ACESSÓRIOS', 'S', 7, 1);
INSERT INTO CATEGORIA VALUES (54, 'AR CONDICIONADO', 'S', 7, 1);
INSERT INTO CATEGORIA VALUES (55, 'ASPIRADOR DE PÓ', 'S', 7, 1);
INSERT INTO CATEGORIA VALUES (56, 'CLIMATIZADOR', 'S', 7, 1);
INSERT INTO CATEGORIA VALUES (57, 'FREEZER HORIZONTAL', 'S', 7, 1);
INSERT INTO CATEGORIA VALUES (58, 'LINHA INDUSTRIAL', 'S', 7, 1);
INSERT INTO CATEGORIA VALUES (59, 'MÁQUINA DE GELO', 'S', 7, 1);
INSERT INTO CATEGORIA VALUES (60, 'ELETROPORTÁTEIS', 'S', 7, 1);
INSERT INTO CATEGORIA VALUES (61, 'TORRADEIRAS', 'S', 7, 1);
-- DEPARTAMENTO DE DVDs E BLUE RAY...

INSERT INTO CATEGORIA VALUES (62, 'FILMES E SERIADOS', 'S', 14, 1);
INSERT INTO CATEGORIA VALUES (63, 'MUSICA E SHOWS', 'S', 14, 1);
INSERT INTO CATEGORIA VALUES (64, 'DVDs E BLUE-RAY PLAYERS', 'S', 14, 1);

-- DEPARTAMENTO DE RELÓGIOS...

INSERT INTO CATEGORIA VALUES (65, 'CAIXAS E ESTOJOS', 'S', 14, 1);
INSERT INTO CATEGORIA VALUES (66, 'RELÓGIOS DECORATIVOS', 'S', 14, 1);
INSERT INTO CATEGORIA VALUES (67, 'RELÓGIOS INFANTIS', 'S', 14, 1);
INSERT INTO CATEGORIA VALUES (68, 'MASCULINOS', 'S', 14, 1);
INSERT INTO CATEGORIA VALUES (69, 'FEININOS', 'S', 14, 1);
INSERT INTO CATEGORIA VALUES (70, 'UNISEX', 'S', 14, 1);
-- DEPARTAENTO DE AR E VENTILAÇÃO...

INSERT INTO CATEGORIA VALUES (71, 'AQUECEDORES', 'S', 12, 1);
INSERT INTO CATEGORIA VALUES (72, 'AR CONDICIONADO', 'S', 12, 1);
INSERT INTO CATEGORIA VALUES (73, 'CLIMATIZADORES', 'S', 12, 1);
INSERT INTO CATEGORIA VALUES (74, 'CORTINA DE AR', 'S', 12, 1);
INSERT INTO CATEGORIA VALUES (75, 'CLIMATIZADORES', 'S', 12, 1);
INSERT INTO CATEGORIA VALUES (76, 'CORTINA DE AR', 'S', 12, 1);
INSERT INTO CATEGORIA VALUES (77, 'TRATAMENTO DE AR', 'S', 12, 1);
INSERT INTO CATEGORIA VALUES (78, 'VENTILADORES E CIRCUADORES', 'S', 12, 1);
INSERT INTO CATEGORIA VALUES (79, 'AQUECEDORES A GÁS E ACESSÓRIOS', 'S', 12, 1);
INSERT INTO FABRICANTE VALUES (1, 'ACER', NULL, 'S');
INSERT INTO FABRICANTE VALUES (2, 'APPLE', NULL, 'S');
INSERT INTO FABRICANTE VALUES (3, 'ASUS', NULL, 'S');
INSERT INTO FABRICANTE VALUES (4, 'DELL', NULL, 'S');
INSERT INTO FABRICANTE VALUES (5, 'HP', NULL, 'S');
INSERT INTO FABRICANTE VALUES (6, 'LENOVO', NULL, 'S');
INSERT INTO FABRICANTE VALUES (7, 'LG', NULL, 'S');
INSERT INTO FABRICANTE VALUES (8, 'POSITIVO', NULL, 'S');
INSERT INTO FABRICANTE VALUES (9, 'SAMSUNG', NULL, 'S');
INSERT INTO FABRICANTE VALUES (10, 'SEMP-TOSHIBA', NULL, 'S');
INSERT INTO FABRICANTE VALUES (11, 'SONY', NULL, 'S');
INSERT INTO FABRICANTE VALUES (12, 'SANDISK', NULL, 'S');
INSERT INTO FABRICANTE VALUES (13, 'KINGSTON', NULL, 'S');
INSERT INTO FABRICANTE VALUES (14, 'MULTILASER', NULL, 'S');





INSERT INTO PRODUTO (NOM_PRODUTO, DSC_PRODUTO, IMG_PRODUTO, EST_PRODUTO, PCO_PRODUTO, NUM_DIAS_PREV_ENTREGA, COD_CATEGORIA, COD_FABRICANTE)
VALUES ('Ultrabook Acer Aspire M5-481T-6650 com Intel® Core™ i3-3227U', 'Ultrabook Acer Aspire M5-481T-6417 com Intel® Core™ i5-3317U, 6GB, 500GB, 20GB SSD, Gravador de DVD, Bluetooth, HDMI, Wireless, LED 14" e Windows 8', NULL, 10, 2199.99, 0, 7, 2);
INSERT INTO PRODUTO (NOM_PRODUTO, DSC_PRODUTO, IMG_PRODUTO, EST_PRODUTO, PCO_PRODUTO, NUM_DIAS_PREV_ENTREGA, COD_CATEGORIA, COD_FABRICANTE)
VALUES ('Ultrabook Acer Aspire M5-481T-6417 com Intel® Core™ i5-3317U', 'Ultrabook Acer Aspire M5-481T-6650 com Intel® Core™ i3-3227U, 4GB, 500GB, 20GB SSD, Gravador de DVD, Leitor de Cartões, HDMI, LED 14" e Windows 8', NULL, 10, 1699.99, 0, 7, 2);
INSERT INTO PRODUTO (NOM_PRODUTO, DSC_PRODUTO, IMG_PRODUTO, EST_PRODUTO, PCO_PRODUTO, NUM_DIAS_PREV_ENTREGA, COD_CATEGORIA, COD_FABRICANTE)
VALUES ('Ultrabook Acer Aspire M5-481T-6195 com Intel® Core™ i5-3317U', 'Ultrabook Acer Aspire M5-481T-6195 com Intel® Core™ i5-3317U, 4GB, 500GB, 20GB SSD, Gravador de DVD, Bluetooth, HDMI, Wireless, LED 14" e Windows 8', NULL, 10, 2049.99, 0, 7, 2);
INSERT INTO PRODUTO (NOM_PRODUTO, DSC_PRODUTO, IMG_PRODUTO, EST_PRODUTO, PCO_PRODUTO, NUM_DIAS_PREV_ENTREGA, COD_CATEGORIA, COD_FABRICANTE)
VALUES ('Ultrabook Acer Aspire com Intel® Core™ i5', 'Ultrabook Acer Aspire com Intel® Core™ i5, 6GB, 500GB, 20GB SSD, Gravador de DVD, Bluetooth, HDMI, LED 14" e Windows 8+ Mochila Targus p/ Notebook 16"', NULL, 10, 2399.99, 0, 7, 2);



-- CODIGO, NOME, DESCRICAO, IMAGEM, ESTOQUE, PREÇO, IDF_ATIVO, DIAS_ENTREGA, COD_CATEGORIA, COD_FABRICANTE

INSERT INTO PRODUTO (NOM_PRODUTO, DSC_PRODUTO, IMG_PRODUTO, EST_PRODUTO, PCO_PRODUTO, NUM_DIAS_PREV_ENTREGA, COD_CATEGORIA, COD_FABRICANTE)
VALUES ('Computador HP 402 G1 SFF com Intel Core i3-4130, 4GB, 500GB, Gravador de DVD e FreeDOS 2.0', 'Computador HP 402 G1 SFF com Intel Core i3-4130, 4GB, 500GB, Gravador de DVD e FreeDOS 2.0', NULL, 10, 1440, 0, 12, 5);
INSERT INTO PRODUTO (NOM_PRODUTO, DSC_PRODUTO, IMG_PRODUTO, EST_PRODUTO, PCO_PRODUTO, NUM_DIAS_PREV_ENTREGA, COD_CATEGORIA, COD_FABRICANTE)
VALUES ('Computador HP ProDesk 600 G1 SFF com Intel® Core™ i3-4130, 4GB, 500GB, Gravador de DVD e Windows 8 Pro', 'Computador HP ProDesk 600 G1 SFF com Intel® Core™ i3-4130, 4GB, 500GB, Gravador de DVD e Windows 8 Pro', NULL, 10, 2814.81, 0, 15, 5);
INSERT INTO PRODUTO (NOM_PRODUTO, DSC_PRODUTO, IMG_PRODUTO, EST_PRODUTO, PCO_PRODUTO, NUM_DIAS_PREV_ENTREGA, COD_CATEGORIA, COD_FABRICANTE)
VALUES ('Computador HP All in One Pavilion 20-b410br Processador Intel® Core™ i3-3220T, Windows 8.1, 4GB, 500GB, Gravador de DVD, Leitor de Cartões, LED 20”', 'Computador HP All in One Pavilion 20-b410br Processador Intel® Core™ i3-3220T, Windows 8.1, 4GB, 500GB, Gravador de DVD, Leitor de Cartões, LED 20”', NULL, 10, 1529.15, 0, 13, 5);
INSERT INTO PRODUTO (NOM_PRODUTO, DSC_PRODUTO, IMG_PRODUTO, EST_PRODUTO, PCO_PRODUTO, NUM_DIAS_PREV_ENTREGA, COD_CATEGORIA, COD_FABRICANTE)
VALUES ('Computador HP All in One Pavilion TouchSmart 23-h000br Processador Intel® Core™ i5, Windows 8.1, 8GB, 1TB, LED 23", Wireless, Placa NVIDIA GeForce',  'Computador HP All in One Pavilion TouchSmart 23-h000br Processador Intel® Core™ i5, Windows 8.1, 8GB, 1TB, LED 23", Wireless, Placa NVIDIA GeForce', NULL, 10, 3229.15, 0, 23, 5);



-- CODIGO, NOME, DESCRICAO, IMAGEM, ESTOQUE, PREÇO, IDF_ATIVO, DIAS_ENTREGA, COD_CATEGORIA, COD_FABRICANTE

INSERT INTO PRODUTO VALUES (9, 'Notebook Acer Aspire E1-572-6_BR648 com Intel® Core™ i5-4200U, 6GB, 500GB, Gravador de DVD, Leitor de Cartões, HDMI, Wireless, LED 15.6" e Windows 8.1', 'Notebook Acer Aspire E1-572-6_BR648 com Intel® Core™ i5-4200U, 6GB, 500GB, Gravador de DVD, Leitor de Cartões, HDMI, Wireless, LED 15.6" e Windows 8.1', NULL, 10, 1598.99, 'S', 6, 3, 1);
INSERT INTO PRODUTO VALUES (10, 'Notebook Samsung ATIV Book 2 270E4E-KD6 com Intel® Dual Core, 4GB, 500GB, Gravador de DVD, Leitor de Cartões, HDMI, Bluetooth 4.0, LED 14" e Windows 8', 'Notebook Samsung ATIV Book 2 270E4E-KD6 com Intel® Dual Core, 4GB, 500GB, Gravador de DVD, Leitor de Cartões, HDMI, Bluetooth 4.0, LED 14" e Windows 8', NULL, 10, 1108.48, 'S', 7, 3, 9);
INSERT INTO PRODUTO VALUES (11, 'Notebook 2 em 1 Touch HP Pavilion x360 11-n022br Processador Intel® Celeron®, Windows 8.1, 4GB, 500GB, 25GB grátis na Nuvem, Beats Audio, LED 11.6"', 'Notebook 2 em 1 Touch HP Pavilion x360 11-n022br Processador Intel® Celeron®, Windows 8.1, 4GB, 500GB, 25GB grátis na Nuvem, Beats Audio, LED 11.6"', NULL, 10, 1399, 'S', 9, 3, 5);
INSERT INTO PRODUTO VALUES (12, 'Notebook Asus X551MA-BRAL-SX207H com Intel® Quad Core, 4GB, 500GB, Gravador de DVD, Leitor de Cartões, HDMI, Wireless, Webcam, LED 15.6" e Windows 8.1', 'Notebook Asus X551MA-BRAL-SX207H com Intel® Quad Core, 4GB, 500GB, Gravador de DVD, Leitor de Cartões, HDMI, Wireless, Webcam, LED 15.6" e Windows 8.1', NULL, 10, 1061.65, 'S', 5, 3, 3);
INSERT INTO PRODUTO VALUES (13, 'Notebook Lenovo G400S com Intel® Core™ i5-3230M, 4GB, 1TB, Gravador de DVD, Leitor de Cartões, HDMI, Wireless, Webcam, LED 14" e Windows 8.1', 'Notebook Lenovo G400S com Intel® Core™ i5-3230M, 4GB, 1TB, Gravador de DVD, Leitor de Cartões, HDMI, Wireless, Webcam, LED 14" e Windows 8.1', NULL, 10, 1399, 'S', 7, 3, 6);
-- CODIGO, NOME, DESCRICAO, IMAGEM, ESTOQUE, PREÇO, IDF_ATIVO, DIAS_ENTREGA, COD_CATEGORIA, COD_FABRICANTE

INSERT INTO PRODUTO VALUES (14, 'Impressora Monocromática Laser - Samsung ML-2165', 'Impressora Monocromática Laser - Samsung ML-2165', NULL, 10, 269, 'S', 12, 8, 9);
INSERT INTO PRODUTO VALUES (15, 'Impressora Jato de Tinta HP Designjet T120 ePrinter Series CQ891A#B1K', 'Impressora Jato de Tinta HP Designjet T120 ePrinter Series CQ891A#B1K', NULL, 10, 3959, 'S', 12, 8, 5);
INSERT INTO PRODUTO VALUES (16, 'Impressora HP LaserJet Pro P1102w Wireless com ePrint', 'Impressora HP LaserJet Pro P1102w Wireless com ePrint', NULL, 10, 447, 'S', 12, 8, 5);
INSERT INTO PRODUTO VALUES (17, 'Impressora HP LaserJet Pro P1102 CE651A#696 - Branco/Cinza', 'Impressora HP LaserJet Pro P1102 CE651A#696 - Branco/Cinza', NULL, 10, 381.65, 'S', 12, 8, 5);

-- CODIGO, NOME, DESCRICAO, IMAGEM, ESTOQUE, PREÇO, IDF_ATIVO, DIAS_ENTREGA, COD_CATEGORIA, COD_FABRICANTE


INSERT INTO PRODUTO VALUES (18, 'Pen Drive SanDisk Cruzer Blade 16GB', 'Pen Drive SanDisk Cruzer Blade 16GB', NULL, 10, 29.66, 'S', 12, 14, 12);
INSERT INTO PRODUTO VALUES (19, 'Pen Drive SanDisk Ultra® Dual Drive com USB 2.0 e Micro-USB 32GB - Preto', 'Pen Drive SanDisk Ultra® Dual Drive com USB 2.0 e Micro-USB 32GB - Preto', NULL, 10, 76.42, 'S', 12, 14, 12);
INSERT INTO PRODUTO VALUES (20, 'Pen Drive Kingston Data Traveler 101G2 32GB - Roxo', 'Pen Drive Kingston Data Traveler 101G2 32GB - Roxo', NULL, 10, 103.62, 'S', 12, 14, 13);
INSERT INTO PRODUTO VALUES (21, 'Pen Drive Multilaser Nano 8GB - Preto', 'Pen Drive Multilaser Nano 8GB - Preto', NULL, 10, 27.30, 'S', 12, 14, 14);

-- CODIGO, NOME, DESCRICAO, IMAGEM, ESTOQUE, PREÇO, IDF_ATIVO, DIAS_ENTREGA, COD_CATEGORIA, COD_FABRICANTE


INSERT INTO PRODUTO VALUES (22, 'Tablet Samsung Galaxy Tab 3 Lite SMT111M Branco com Tela 7”, Wi-Fi, 3G, 8GB, Processador Dual Core de 1.2GHz, Câm. 2MP, AGPS, Bluetooth e Android 4.2 - Tablet Samsung Galaxy Tab 3 Lite', 'Tablet Samsung Galaxy Tab 3 Lite SMT111M Branco com Tela 7”, Wi-Fi, 3G, 8GB, Processador Dual Core de 1.2GHz, Câm. 2MP, AGPS, Bluetooth e Android 4.2 - Tablet Samsung Galaxy Tab 3 Lite', NULL, 10, 551.65, 'S', 12, 10, 9);
INSERT INTO PRODUTO VALUES (23, 'Tablet Samsung Galaxy Tab 4 7.0 com Tela 7”, com TV Digital, 8GB, Processador Quad Core 1.2 Ghz, Câmera 3MP, Wi-Fi, GPS e Android 4.4 - Branco - Tablet Samsung Galaxy Tab 4 7.0 com Tela 7”', 'Tablet Samsung Galaxy Tab 4 7.0 com Tela 7”, com TV Digital, 8GB, Processador Quad Core 1.2 Ghz, Câmera 3MP, Wi-Fi, GPS e Android 4.4 - Branco - Tablet Samsung Galaxy Tab 4 7.0 com Tela 7”', NULL, 10, 662.15, 'S', 12, 10, 9);
INSERT INTO PRODUTO VALUES (24, 'iPad Air com Tela Retina Apple Wi-Fi com 32GB, Bluetooth 4.0, Câmera HD, Bússola Digital, Tela 9,7" e iOS 7 - Space GrayiPad Air com Tela Retina Apple Wi-Fi 32GB', 'iPad Air com Tela Retina Apple Wi-Fi com 32GB, Bluetooth 4.0, Câmera HD, Bússola Digital, Tela 9,7" e iOS 7 - Space GrayiPad Air com Tela Retina Apple Wi-Fi 32GB', NULL, 10, 1528.22, 'S', 12, 10, 2);

INSERT INTO PRODUTO VALUES (25, 'iPad Air com Tela Retina Apple Wi-Fi + 3G/4G* com 32GB, Bluetooth 4.0, Câmera HD, Bússola Digital, GPS, Tela 9,7" e iOS 7 - Silver', 'iPad Air com Tela Retina Apple Wi-Fi + 3G/4G* com 32GB, Bluetooth 4.0, Câmera HD, Bússola Digital, GPS, Tela 9,7" e iOS 7 - Silver', NULL, 10, 1869.15, 'S', 12, 10, 2);
INSERT INTO CARACTERISTICA VALUES (1, 'PROCESSADOR', 'S');
INSERT INTO CARACTERISTICA VALUES (2, 'MEMORIA RAM', 'S');
INSERT INTO CARACTERISTICA VALUES (3, 'CAPACIDADE DO HD', 'S');
INSERT INTO CARACTERISTICA VALUES (4, 'MEMORIA FLASH SSD', 'S');
INSERT INTO CARACTERISTICA VALUES (5, 'SISTEMA OPERACIONAL', 'S');
INSERT INTO CARACTERISTICA VALUES (6, 'TAMANHO DA TELA', 'S');
INSERT INTO CARACTERISTICA VALUES (7, 'CARACTERISTICAS', 'S');
INSERT INTO CARACTERISTICA VALUES (8, 'COR', 'S');
INSERT INTO CARACTERISTICA VALUES (9, 'ACELERADOR GRÁFICO', 'S');
INSERT INTO CARACTERISTICA VALUES (10, 'FAIXA DE PREÇO', 'S');
INSERT INTO PRODUTO_CARACTERISTICA VALUES (1, 3, 1, '500GB');
INSERT INTO PRODUTO_CARACTERISTICA VALUES (2, 3, 2, '500GB');
INSERT INTO PRODUTO_CARACTERISTICA VALUES (3, 3, 3, '1TB');
INSERT INTO PRODUTO_CARACTERISTICA VALUES (4, 3, 4, '1TB');
INSERT INTO PRODUTO_CARACTERISTICA VALUES (1, 4, 1, '20GB');
INSERT INTO PRODUTO_CARACTERISTICA VALUES (2, 4, 2, '20GB');
INSERT INTO PRODUTO_CARACTERISTICA VALUES (3, 4, 3, '30GB');
INSERT INTO PRODUTO_CARACTERISTICA VALUES (4, 4, 4, '30GB');
INSERT INTO PRODUTO_CARACTERISTICA VALUES (1, 5, 1, 'WINDOWS 8');
INSERT INTO PRODUTO_CARACTERISTICA VALUES (2, 5, 2, 'WINDOWS 8.1');
INSERT INTO PRODUTO_CARACTERISTICA VALUES (3, 5, 3, 'WINDOWS 8.1');
INSERT INTO PRODUTO_CARACTERISTICA VALUES (4, 5, 4, 'WINDOWS 8');
INSERT INTO PRODUTO_CARACTERISTICA VALUES (1, 6, 1, '14"');
INSERT INTO PRODUTO_CARACTERISTICA VALUES (2, 6, 2, '14"');
INSERT INTO PRODUTO_CARACTERISTICA VALUES (3, 6, 3, '14"');
INSERT INTO PRODUTO_CARACTERISTICA VALUES (4, 6, 4, '14"');
INSERT INTO PRODUTO_CARACTERISTICA VALUES (1, 7, 1, 'PRETO');
INSERT INTO PRODUTO_CARACTERISTICA VALUES (2, 7, 2, 'PRETO');
INSERT INTO PRODUTO_CARACTERISTICA VALUES (3, 7, 3, 'BRANCO');
INSERT INTO PRODUTO_CARACTERISTICA VALUES (4, 7, 4, 'PRETO');

INSERT INTO PROMOCAO VALUES (1, 'PROMOÇÃO ESPETACULAR', '2024-04-29 00:00:00', '2024-06-15 23:59:59', 'S');

-- CONDICAO_PAGAMENTO

INSERT INTO CONDICAO_PAGAMENTO VALUES (1, '10x SEM JUROS NO CARTÃO DE CRÉDITO', 'S');
-- CONDICAO_PAGAMENTO
-- PROMOCAO_PRODUTO

INSERT INTO PROMOCAO_PRODUTO VALUES (1, 1, 1, 1979.10);


-- PRAZO_COND_PAGAMENTO

INSERT INTO PRAZO_COND_PAGAMENTO VALUES (1, 10);
-- SITUACAO_COMPRA

INSERT INTO SITUACAO_COMPRA VALUES (1, 'PEDIDO CONCLUÍDO','S');
INSERT INTO SITUACAO_COMPRA VALUES (2, 'PAGAMENTO APROVADO','S');
INSERT INTO SITUACAO_COMPRA VALUES (3, 'PRODUTO EM SEPARAÇÃO','S');
INSERT INTO SITUACAO_COMPRA VALUES (4, 'PRODUTO ENTREGUE A TRANSPORTADORA','S');
INSERT INTO SITUACAO_COMPRA VALUES (5, 'PRODUTO ENTREGUE','S');
INSERT INTO SITUACAO_COMPRA VALUES (6, 'COMPRA CANCELADA','S');
INSERT INTO SITUACAO_COMPRA VALUES (7, 'PRODUTO DEVOLVIDO','S');
-- CLIENTE

INSERT INTO CLIENTE (NOM_CLIENTE, END_CLIENTE, CPF_CLIENTE, CEP_CLIENTE, BAI_CLIENTE) VALUES ('EMERSON FITIPALDI', 'RUA LOTUS, 2', '63812516209', '14100000', 'JARDIM DOS CAMPEOES');

INSERT INTO CLIENTE (NOM_CLIENTE, END_CLIENTE, CPF_CLIENTE, CEP_CLIENTE, BAI_CLIENTE) VALUES ('NELSON PIQUET', 'AV DA WILLIAMS, 3', '48842214272', '14200000', 'JARDIM DOS CAMPEOES');

INSERT INTO CLIENTE (NOM_CLIENTE, END_CLIENTE, CPF_CLIENTE, CEP_CLIENTE, BAI_CLIENTE) VALUES ('AIRTON SENNA', 'AV MACLAREN, 3', '65144471200', '14300000', 'JARDIM DOS CAMPEOES');

INSERT INTO CLIENTE (NOM_CLIENTE, END_CLIENTE, CPF_CLIENTE, CEP_CLIENTE, BAI_CLIENTE) VALUES ('RUBENS BARRICHELLO', 'TRAVESSA DA FERRARI, 2', '76266285274', '14400000', 'VILA VINTEM');

INSERT INTO CLIENTE (NOM_CLIENTE, END_CLIENTE, CPF_CLIENTE, CEP_CLIENTE, BAI_CLIENTE) VALUES ('FELIPE MASSA', 'TRAVESSA DA SAUBER, 2', '65441306564', '14500000', 'VILA VINTEM');
-- CLIENTE e -- ITEM_COMPRA

INSERT INTO COMPRA (DTA_HOR_COMPRA, COD_CLIENTE, COD_CONDICAO_PAGAMENTO) VALUES (CURRENT_TIMESTAMP, 1, 1);

INSERT INTO ITEM_COMPRA (COD_PRODUTO, NUM_COMPRA, PCO_PRODUTO, QTD_PRODUTO, NUM_DIAS_PREV_ENTREGA)     VALUES (1, 1, 2199.99, 1, 7);


INSERT INTO COMPRA (DTA_HOR_COMPRA, COD_CLIENTE, COD_CONDICAO_PAGAMENTO) VALUES (CURRENT_TIMESTAMP, 2, 1);

INSERT INTO ITEM_COMPRA (COD_PRODUTO, NUM_COMPRA, PCO_PRODUTO, QTD_PRODUTO, NUM_DIAS_PREV_ENTREGA)     VALUES (18, 2, 29.66, 5, 7);
-- CLIENTE e -- ITEM_COMPRA

INSERT INTO COMPRA (DTA_HOR_COMPRA, COD_CLIENTE, COD_CONDICAO_PAGAMENTO) VALUES (CURRENT_TIMESTAMP, 3, 1);

INSERT INTO ITEM_COMPRA (COD_PRODUTO, NUM_COMPRA, PCO_PRODUTO, QTD_PRODUTO, NUM_DIAS_PREV_ENTREGA)     VALUES (21, 3, 27.30, 3, 7);


INSERT INTO COMPRA (DTA_HOR_COMPRA, COD_CLIENTE, COD_CONDICAO_PAGAMENTO) VALUES (CURRENT_TIMESTAMP, 4, 1);

INSERT INTO ITEM_COMPRA (COD_PRODUTO, NUM_COMPRA, PCO_PRODUTO, QTD_PRODUTO, NUM_DIAS_PREV_ENTREGA)     VALUES (22, 4, 551.65, 4, 7);

INSERT INTO ITEM_COMPRA (COD_PRODUTO, NUM_COMPRA, PCO_PRODUTO, QTD_PRODUTO, NUM_DIAS_PREV_ENTREGA)     VALUES (17, 4, 381.65, 1, 7);
-- CLIENTE e -- ITEM_COMPRA

INSERT INTO COMPRA (DTA_HOR_COMPRA, COD_CLIENTE, COD_CONDICAO_PAGAMENTO) VALUES (CURRENT_TIMESTAMP, 5, 1);

INSERT INTO ITEM_COMPRA (COD_PRODUTO, NUM_COMPRA, PCO_PRODUTO, QTD_PRODUTO, NUM_DIAS_PREV_ENTREGA) VALUES (11, 5, 1399, 1, 7);
