-- =====================================================================
-- LOJA seed data
-- (Only tables present in schema.sql; other tables in original script
--  were omitted because their CREATE TABLE statements were not present.)
-- =====================================================================

USE LOJA;
SET FOREIGN_KEY_CHECKS = 0;

-- ---------------------------------------------------------------------
-- GRUPO
-- ---------------------------------------------------------------------
INSERT INTO LOJA.GRUPO (COD_GRUPO, NOM_GRUPO, IDF_ATIVO) VALUES (1, 'ALIMENTOS E BEBIDAS','S');
INSERT INTO LOJA.GRUPO (COD_GRUPO, NOM_GRUPO, IDF_ATIVO) VALUES (2, 'INFORMÁTICA E TECNOLOGIA','S');
INSERT INTO LOJA.GRUPO (COD_GRUPO, NOM_GRUPO, IDF_ATIVO) VALUES (3, 'CASA E ESCRITÓRIO','S');
INSERT INTO LOJA.GRUPO (COD_GRUPO, NOM_GRUPO, IDF_ATIVO) VALUES (4, 'CULTURA E DIVERSÃO','S');
INSERT INTO LOJA.GRUPO (COD_GRUPO, NOM_GRUPO, IDF_ATIVO) VALUES (5, 'MODA E BELEZA','S');
INSERT INTO LOJA.GRUPO (COD_GRUPO, NOM_GRUPO, IDF_ATIVO) VALUES (6, 'FERRAMENTAS E AUTOMOTIVO','S');
INSERT INTO LOJA.GRUPO (COD_GRUPO, NOM_GRUPO, IDF_ATIVO) VALUES (7, 'ESPORTE E SAÚDE','S');
INSERT INTO LOJA.GRUPO (COD_GRUPO, NOM_GRUPO, IDF_ATIVO) VALUES (8, 'BEBÊS E BRINQUEDOS','S');

-- ---------------------------------------------------------------------
-- DEPARTAMENTO
-- ---------------------------------------------------------------------
INSERT INTO LOJA.DEPARTAMENTO (COD_DEPARTAMENTO, NOM_DEPARTAMENTO, IDF_ATIVO, COD_GRUPO) VALUES (1,'INFORMATICA','S',1);
INSERT INTO LOJA.DEPARTAMENTO (COD_DEPARTAMENTO, NOM_DEPARTAMENTO, IDF_ATIVO, COD_GRUPO) VALUES (2,'TABLETS','S',1);
INSERT INTO LOJA.DEPARTAMENTO (COD_DEPARTAMENTO, NOM_DEPARTAMENTO, IDF_ATIVO, COD_GRUPO) VALUES (3,'CINE E FOTO','S',1);
INSERT INTO LOJA.DEPARTAMENTO (COD_DEPARTAMENTO, NOM_DEPARTAMENTO, IDF_ATIVO, COD_GRUPO) VALUES (4,'TELEFONES E CELULARES','S',1);
INSERT INTO LOJA.DEPARTAMENTO (COD_DEPARTAMENTO, NOM_DEPARTAMENTO, IDF_ATIVO, COD_GRUPO) VALUES (5,'AUDIO','S',1);
INSERT INTO LOJA.DEPARTAMENTO (COD_DEPARTAMENTO, NOM_DEPARTAMENTO, IDF_ATIVO, COD_GRUPO) VALUES (6,'TV E VIDEO','S',1);
INSERT INTO LOJA.DEPARTAMENTO (COD_DEPARTAMENTO, NOM_DEPARTAMENTO, IDF_ATIVO, COD_GRUPO) VALUES (7,'ELETRODOMÉSTICOS','S',3);
INSERT INTO LOJA.DEPARTAMENTO (COD_DEPARTAMENTO, NOM_DEPARTAMENTO, IDF_ATIVO, COD_GRUPO) VALUES (8,'MÓVEIS','S',3);
INSERT INTO LOJA.DEPARTAMENTO (COD_DEPARTAMENTO, NOM_DEPARTAMENTO, IDF_ATIVO, COD_GRUPO) VALUES (9,'ELETROPORTÁTEIS','S',3);
INSERT INTO LOJA.DEPARTAMENTO (COD_DEPARTAMENTO, NOM_DEPARTAMENTO, IDF_ATIVO, COD_GRUPO) VALUES (10,'UTILIDADES DOMÉSTICAS','S',3);
INSERT INTO LOJA.DEPARTAMENTO (COD_DEPARTAMENTO, NOM_DEPARTAMENTO, IDF_ATIVO, COD_GRUPO) VALUES (11,'CAMA, MESA E BANHO','S',3);
INSERT INTO LOJA.DEPARTAMENTO (COD_DEPARTAMENTO, NOM_DEPARTAMENTO, IDF_ATIVO, COD_GRUPO) VALUES (12,'AR E VENTILAÇÃO','S',3);
INSERT INTO LOJA.DEPARTAMENTO (COD_DEPARTAMENTO, NOM_DEPARTAMENTO, IDF_ATIVO, COD_GRUPO) VALUES (13,'GAMES','S',4);
INSERT INTO LOJA.DEPARTAMENTO (COD_DEPARTAMENTO, NOM_DEPARTAMENTO, IDF_ATIVO, COD_GRUPO) VALUES (14,'DVDS E BLU-RAY','S',4);
INSERT INTO LOJA.DEPARTAMENTO (COD_DEPARTAMENTO, NOM_DEPARTAMENTO, IDF_ATIVO, COD_GRUPO) VALUES (15,'LIVROS','S',4);
INSERT INTO LOJA.DEPARTAMENTO (COD_DEPARTAMENTO, NOM_DEPARTAMENTO, IDF_ATIVO, COD_GRUPO) VALUES (16,'PAPELARIA','S',4);
INSERT INTO LOJA.DEPARTAMENTO (COD_DEPARTAMENTO, NOM_DEPARTAMENTO, IDF_ATIVO, COD_GRUPO) VALUES (17,'LIVROS DIGITAIS','S',4);
INSERT INTO LOJA.DEPARTAMENTO (COD_DEPARTAMENTO, NOM_DEPARTAMENTO, IDF_ATIVO, COD_GRUPO) VALUES (18,'CALÇADOS','S',5);
INSERT INTO LOJA.DEPARTAMENTO (COD_DEPARTAMENTO, NOM_DEPARTAMENTO, IDF_ATIVO, COD_GRUPO) VALUES (19,'MODA','S',5);
INSERT INTO LOJA.DEPARTAMENTO (COD_DEPARTAMENTO, NOM_DEPARTAMENTO, IDF_ATIVO, COD_GRUPO) VALUES (20,'RELÓGIOS','S',5);
INSERT INTO LOJA.DEPARTAMENTO (COD_DEPARTAMENTO, NOM_DEPARTAMENTO, IDF_ATIVO, COD_GRUPO) VALUES (21,'PERFUMARIA','S',5);
INSERT INTO LOJA.DEPARTAMENTO (COD_DEPARTAMENTO, NOM_DEPARTAMENTO, IDF_ATIVO, COD_GRUPO) VALUES (22,'MALAS E MOCHILAS','S',5);
INSERT INTO LOJA.DEPARTAMENTO (COD_DEPARTAMENTO, NOM_DEPARTAMENTO, IDF_ATIVO, COD_GRUPO) VALUES (23,'BELEZA E SAÚDE','S',5);
INSERT INTO LOJA.DEPARTAMENTO (COD_DEPARTAMENTO, NOM_DEPARTAMENTO, IDF_ATIVO, COD_GRUPO) VALUES (24,'AUTOMOTIVO','S',6);
INSERT INTO LOJA.DEPARTAMENTO (COD_DEPARTAMENTO, NOM_DEPARTAMENTO, IDF_ATIVO, COD_GRUPO) VALUES (25,'FERRAMENTAS','S',6);
INSERT INTO LOJA.DEPARTAMENTO (COD_DEPARTAMENTO, NOM_DEPARTAMENTO, IDF_ATIVO, COD_GRUPO) VALUES (26,'ESPORTE E LAZER','S',7);
INSERT INTO LOJA.DEPARTAMENTO (COD_DEPARTAMENTO, NOM_DEPARTAMENTO, IDF_ATIVO, COD_GRUPO) VALUES (27,'SUPLEMENTOS ALIMENTARES','S',7);
INSERT INTO LOJA.DEPARTAMENTO (COD_DEPARTAMENTO, NOM_DEPARTAMENTO, IDF_ATIVO, COD_GRUPO) VALUES (28,'BEBÊS','S',8);
INSERT INTO LOJA.DEPARTAMENTO (COD_DEPARTAMENTO, NOM_DEPARTAMENTO, IDF_ATIVO, COD_GRUPO) VALUES (29,'BRINQUEDOS','S',8);
INSERT INTO LOJA.DEPARTAMENTO (COD_DEPARTAMENTO, NOM_DEPARTAMENTO, IDF_ATIVO, COD_GRUPO) VALUES (30,'ALIMENTOS E BEBIDAS','S',1);
INSERT INTO LOJA.DEPARTAMENTO (COD_DEPARTAMENTO, NOM_DEPARTAMENTO, IDF_ATIVO, COD_GRUPO) VALUES (31,'VINHOS E CERVEJAS','S',1);

-- ---------------------------------------------------------------------
-- CATEGORIA
-- ---------------------------------------------------------------------
INSERT INTO LOJA.CATEGORIA (COD_CATEGORIA, NOM_CATEGORIA, IDF_ATIVO, COD_DEPARTAMENTO, POS_CATEGORIA) VALUES (2, 'ULTRABOOK','S',1,1);
INSERT INTO LOJA.CATEGORIA (COD_CATEGORIA, NOM_CATEGORIA, IDF_ATIVO, COD_DEPARTAMENTO, POS_CATEGORIA) VALUES (3, 'NOTEBOOK','S',1,2);
INSERT INTO LOJA.CATEGORIA (COD_CATEGORIA, NOM_CATEGORIA, IDF_ATIVO, COD_DEPARTAMENTO, POS_CATEGORIA) VALUES (4, 'NETBOOK','S',1,3);
INSERT INTO LOJA.CATEGORIA (COD_CATEGORIA, NOM_CATEGORIA, IDF_ATIVO, COD_DEPARTAMENTO, POS_CATEGORIA) VALUES (5, 'COMPUTADORES','S',1,4);
INSERT INTO LOJA.CATEGORIA (COD_CATEGORIA, NOM_CATEGORIA, IDF_ATIVO, COD_DEPARTAMENTO, POS_CATEGORIA) VALUES (6, 'COMPUTADOR ALL IN ONE','S',1,5);
INSERT INTO LOJA.CATEGORIA (COD_CATEGORIA, NOM_CATEGORIA, IDF_ATIVO, COD_DEPARTAMENTO, POS_CATEGORIA) VALUES (7, 'MONITORES','S',1,6);
INSERT INTO LOJA.CATEGORIA (COD_CATEGORIA, NOM_CATEGORIA, IDF_ATIVO, COD_DEPARTAMENTO, POS_CATEGORIA) VALUES (8, 'IMPRESSORAS','S',1,7);
INSERT INTO LOJA.CATEGORIA (COD_CATEGORIA, NOM_CATEGORIA, IDF_ATIVO, COD_DEPARTAMENTO, POS_CATEGORIA) VALUES (9, 'MULTIFUNCIONAL','S',1,8);
INSERT INTO LOJA.CATEGORIA (COD_CATEGORIA, NOM_CATEGORIA, IDF_ATIVO, COD_DEPARTAMENTO, POS_CATEGORIA) VALUES (10, 'IPOS E ACESSÓRIOS','S',1,9);
INSERT INTO LOJA.CATEGORIA (COD_CATEGORIA, NOM_CATEGORIA, IDF_ATIVO, COD_DEPARTAMENTO, POS_CATEGORIA) VALUES (11, 'SUPRIMENTOS','S',1,10);
INSERT INTO LOJA.CATEGORIA (COD_CATEGORIA, NOM_CATEGORIA, IDF_ATIVO, COD_DEPARTAMENTO, POS_CATEGORIA) VALUES (12, 'SCANNER','S',1,11);
INSERT INTO LOJA.CATEGORIA (COD_CATEGORIA, NOM_CATEGORIA, IDF_ATIVO, COD_DEPARTAMENTO, POS_CATEGORIA) VALUES (13, 'PROJETORES','S',1,12);
INSERT INTO LOJA.CATEGORIA (COD_CATEGORIA, NOM_CATEGORIA, IDF_ATIVO, COD_DEPARTAMENTO, POS_CATEGORIA) VALUES (14, 'PEN DRIVES','S',1,13);
INSERT INTO LOJA.CATEGORIA (COD_CATEGORIA, NOM_CATEGORIA, IDF_ATIVO, COD_DEPARTAMENTO, POS_CATEGORIA) VALUES (15, 'HD EXTERNO','S',1,14);
INSERT INTO LOJA.CATEGORIA (COD_CATEGORIA, NOM_CATEGORIA, IDF_ATIVO, COD_DEPARTAMENTO, POS_CATEGORIA) VALUES (16, 'COMPONENTES E PEÇAS','S',1,15);
INSERT INTO LOJA.CATEGORIA (COD_CATEGORIA, NOM_CATEGORIA, IDF_ATIVO, COD_DEPARTAMENTO, POS_CATEGORIA) VALUES (17, 'SOFTWARES','S',1,16);
INSERT INTO LOJA.CATEGORIA (COD_CATEGORIA, NOM_CATEGORIA, IDF_ATIVO, COD_DEPARTAMENTO, POS_CATEGORIA) VALUES (18, 'PROTEÇÃO ELÉTRICA','S',1,17);
INSERT INTO LOJA.CATEGORIA (COD_CATEGORIA, NOM_CATEGORIA, IDF_ATIVO, COD_DEPARTAMENTO, POS_CATEGORIA) VALUES (19, 'EQUIPAMENTOS DE REDE / WIRELESS','S',1,18);
INSERT INTO LOJA.CATEGORIA (COD_CATEGORIA, NOM_CATEGORIA, IDF_ATIVO, COD_DEPARTAMENTO, POS_CATEGORIA) VALUES (20, 'ACESSÓRIOS E PERIFÉRICOS','S',1,19);
INSERT INTO LOJA.CATEGORIA (COD_CATEGORIA, NOM_CATEGORIA, IDF_ATIVO, COD_DEPARTAMENTO, POS_CATEGORIA) VALUES (21, 'SERVIÇOS','S',1,20);
INSERT INTO LOJA.CATEGORIA (COD_CATEGORIA, NOM_CATEGORIA, IDF_ATIVO, COD_DEPARTAMENTO, POS_CATEGORIA) VALUES (22, 'FONES DE OUVIDO','S',1,21);
INSERT INTO LOJA.CATEGORIA (COD_CATEGORIA, NOM_CATEGORIA, IDF_ATIVO, COD_DEPARTAMENTO, POS_CATEGORIA) VALUES (23, 'JOGOS PARA PC','S',1,22);
INSERT INTO LOJA.CATEGORIA (COD_CATEGORIA, NOM_CATEGORIA, IDF_ATIVO, COD_DEPARTAMENTO, POS_CATEGORIA) VALUES (24, 'CAMERAS DIGITAIS', 'S', 3, 1);
INSERT INTO LOJA.CATEGORIA (COD_CATEGORIA, NOM_CATEGORIA, IDF_ATIVO, COD_DEPARTAMENTO, POS_CATEGORIA) VALUES (25, 'FILMADORAS', 'S', 3, 1);
INSERT INTO LOJA.CATEGORIA (COD_CATEGORIA, NOM_CATEGORIA, IDF_ATIVO, COD_DEPARTAMENTO, POS_CATEGORIA) VALUES (26, 'FILMADORAS', 'S', 3, 1);
INSERT INTO LOJA.CATEGORIA (COD_CATEGORIA, NOM_CATEGORIA, IDF_ATIVO, COD_DEPARTAMENTO, POS_CATEGORIA) VALUES (27, 'CARTÕES DE MEMÓRIA', 'S', 3, 1);
INSERT INTO LOJA.CATEGORIA (COD_CATEGORIA, NOM_CATEGORIA, IDF_ATIVO, COD_DEPARTAMENTO, POS_CATEGORIA) VALUES (28, 'PORTA RETRATO DIGITAL', 'S', 3, 1);
INSERT INTO LOJA.CATEGORIA (COD_CATEGORIA, NOM_CATEGORIA, IDF_ATIVO, COD_DEPARTAMENTO, POS_CATEGORIA) VALUES (29, 'BINÓCULOS E TELESCÓPIOS', 'S', 3, 1);
INSERT INTO LOJA.CATEGORIA (COD_CATEGORIA, NOM_CATEGORIA, IDF_ATIVO, COD_DEPARTAMENTO, POS_CATEGORIA) VALUES (30, 'CAMERAS ESPECIAIS', 'S', 3, 1);
INSERT INTO LOJA.CATEGORIA (COD_CATEGORIA, NOM_CATEGORIA, IDF_ATIVO, COD_DEPARTAMENTO, POS_CATEGORIA) VALUES (31, 'PILHAS BATERIAS E CARREGADORES', 'S', 3, 1);
INSERT INTO LOJA.CATEGORIA (COD_CATEGORIA, NOM_CATEGORIA, IDF_ATIVO, COD_DEPARTAMENTO, POS_CATEGORIA) VALUES (32, 'ACESSÓRIOS ORIGINAIS', 'S', 3, 1);
INSERT INTO LOJA.CATEGORIA (COD_CATEGORIA, NOM_CATEGORIA, IDF_ATIVO, COD_DEPARTAMENTO, POS_CATEGORIA) VALUES (33, 'ACESSÓRIOS', 'S', 3, 1);
INSERT INTO LOJA.CATEGORIA (COD_CATEGORIA, NOM_CATEGORIA, IDF_ATIVO, COD_DEPARTAMENTO, POS_CATEGORIA) VALUES (34, 'DRONE', 'S', 3, 1);
INSERT INTO LOJA.CATEGORIA (COD_CATEGORIA, NOM_CATEGORIA, IDF_ATIVO, COD_DEPARTAMENTO, POS_CATEGORIA) VALUES (35, 'ACESSÓRIOS', 'S', 7, 1);
INSERT INTO LOJA.CATEGORIA (COD_CATEGORIA, NOM_CATEGORIA, IDF_ATIVO, COD_DEPARTAMENTO, POS_CATEGORIA) VALUES (36, 'ADEGA DE VINHOS', 'S', 7, 1);
INSERT INTO LOJA.CATEGORIA (COD_CATEGORIA, NOM_CATEGORIA, IDF_ATIVO, COD_DEPARTAMENTO, POS_CATEGORIA) VALUES (37, 'CHURRASQUEIRAS', 'S', 7, 1);
INSERT INTO LOJA.CATEGORIA (COD_CATEGORIA, NOM_CATEGORIA, IDF_ATIVO, COD_DEPARTAMENTO, POS_CATEGORIA) VALUES (38, 'COIFAS', 'S', 7, 1);
INSERT INTO LOJA.CATEGORIA (COD_CATEGORIA, NOM_CATEGORIA, IDF_ATIVO, COD_DEPARTAMENTO, POS_CATEGORIA) VALUES (39, 'LAVA E SECA', 'S', 7, 1);
INSERT INTO LOJA.CATEGORIA (COD_CATEGORIA, NOM_CATEGORIA, IDF_ATIVO, COD_DEPARTAMENTO, POS_CATEGORIA) VALUES (40, 'COOLER', 'S', 7, 1);
INSERT INTO LOJA.CATEGORIA (COD_CATEGORIA, NOM_CATEGORIA, IDF_ATIVO, COD_DEPARTAMENTO, POS_CATEGORIA) VALUES (41, 'DEPURADORES DE AR', 'S', 7, 1);
INSERT INTO LOJA.CATEGORIA (COD_CATEGORIA, NOM_CATEGORIA, IDF_ATIVO, COD_DEPARTAMENTO, POS_CATEGORIA) VALUES (42, 'FOGÕES', 'S', 7, 1);
INSERT INTO LOJA.CATEGORIA (COD_CATEGORIA, NOM_CATEGORIA, IDF_ATIVO, COD_DEPARTAMENTO, POS_CATEGORIA) VALUES (43, 'FORNO DE EMBUTIR', 'S', 7, 1);
INSERT INTO LOJA.CATEGORIA (COD_CATEGORIA, NOM_CATEGORIA, IDF_ATIVO, COD_DEPARTAMENTO, POS_CATEGORIA) VALUES (44, 'FORNO DE MICRO-ONDAS', 'S', 7, 1);
INSERT INTO LOJA.CATEGORIA (COD_CATEGORIA, NOM_CATEGORIA, IDF_ATIVO, COD_DEPARTAMENTO, POS_CATEGORIA) VALUES (45, 'FREEZER', 'S', 7, 1);
INSERT INTO LOJA.CATEGORIA (COD_CATEGORIA, NOM_CATEGORIA, IDF_ATIVO, COD_DEPARTAMENTO, POS_CATEGORIA) VALUES (46, 'LAVADORAS', 'S', 7, 1);
INSERT INTO LOJA.CATEGORIA (COD_CATEGORIA, NOM_CATEGORIA, IDF_ATIVO, COD_DEPARTAMENTO, POS_CATEGORIA) VALUES (47, 'LAVA-LOUÇAS', 'S', 7, 1);
INSERT INTO LOJA.CATEGORIA (COD_CATEGORIA, NOM_CATEGORIA, IDF_ATIVO, COD_DEPARTAMENTO, POS_CATEGORIA) VALUES (48, 'COOKTOPS', 'S', 7, 1);
INSERT INTO LOJA.CATEGORIA (COD_CATEGORIA, NOM_CATEGORIA, IDF_ATIVO, COD_DEPARTAMENTO, POS_CATEGORIA) VALUES (49, 'REFRIGERADORES', 'S', 7, 1);
INSERT INTO LOJA.CATEGORIA (COD_CATEGORIA, NOM_CATEGORIA, IDF_ATIVO, COD_DEPARTAMENTO, POS_CATEGORIA) VALUES (51, 'SECADORAS DE ROUPAS', 'S', 7, 1);
INSERT INTO LOJA.CATEGORIA (COD_CATEGORIA, NOM_CATEGORIA, IDF_ATIVO, COD_DEPARTAMENTO, POS_CATEGORIA) VALUES (52, 'CENTRÍFUGAS DE ROUPAS', 'S', 7, 1);
INSERT INTO LOJA.CATEGORIA (COD_CATEGORIA, NOM_CATEGORIA, IDF_ATIVO, COD_DEPARTAMENTO, POS_CATEGORIA) VALUES (53, 'AQUECEDORES A GÁS E ACESSÓRIOS', 'S', 7, 1);
INSERT INTO LOJA.CATEGORIA (COD_CATEGORIA, NOM_CATEGORIA, IDF_ATIVO, COD_DEPARTAMENTO, POS_CATEGORIA) VALUES (54, 'AR CONDICIONADO', 'S', 7, 1);
INSERT INTO LOJA.CATEGORIA (COD_CATEGORIA, NOM_CATEGORIA, IDF_ATIVO, COD_DEPARTAMENTO, POS_CATEGORIA) VALUES (55, 'ASPIRADOR DE PÓ', 'S', 7, 1);
INSERT INTO LOJA.CATEGORIA (COD_CATEGORIA, NOM_CATEGORIA, IDF_ATIVO, COD_DEPARTAMENTO, POS_CATEGORIA) VALUES (56, 'CLIMATIZADOR', 'S', 7, 1);
INSERT INTO LOJA.CATEGORIA (COD_CATEGORIA, NOM_CATEGORIA, IDF_ATIVO, COD_DEPARTAMENTO, POS_CATEGORIA) VALUES (57, 'FREEZER HORIZONTAL', 'S', 7, 1);
INSERT INTO LOJA.CATEGORIA (COD_CATEGORIA, NOM_CATEGORIA, IDF_ATIVO, COD_DEPARTAMENTO, POS_CATEGORIA) VALUES (58, 'LINHA INDUSTRIAL', 'S', 7, 1);
INSERT INTO LOJA.CATEGORIA (COD_CATEGORIA, NOM_CATEGORIA, IDF_ATIVO, COD_DEPARTAMENTO, POS_CATEGORIA) VALUES (59, 'MÁQUINA DE GELO', 'S', 7, 1);
INSERT INTO LOJA.CATEGORIA (COD_CATEGORIA, NOM_CATEGORIA, IDF_ATIVO, COD_DEPARTAMENTO, POS_CATEGORIA) VALUES (60, 'ELETROPORTÁTEIS', 'S', 7, 1);
INSERT INTO LOJA.CATEGORIA (COD_CATEGORIA, NOM_CATEGORIA, IDF_ATIVO, COD_DEPARTAMENTO, POS_CATEGORIA) VALUES (61, 'TORRADEIRAS', 'S', 7, 1);
INSERT INTO LOJA.CATEGORIA (COD_CATEGORIA, NOM_CATEGORIA, IDF_ATIVO, COD_DEPARTAMENTO, POS_CATEGORIA) VALUES (62, 'FILMES E SERIADOS', 'S', 14, 1);
INSERT INTO LOJA.CATEGORIA (COD_CATEGORIA, NOM_CATEGORIA, IDF_ATIVO, COD_DEPARTAMENTO, POS_CATEGORIA) VALUES (63, 'MUSICA E SHOWS', 'S', 14, 1);
INSERT INTO LOJA.CATEGORIA (COD_CATEGORIA, NOM_CATEGORIA, IDF_ATIVO, COD_DEPARTAMENTO, POS_CATEGORIA) VALUES (64, 'DVDs E BLUE-RAY PLAYERS', 'S', 14, 1);
INSERT INTO LOJA.CATEGORIA (COD_CATEGORIA, NOM_CATEGORIA, IDF_ATIVO, COD_DEPARTAMENTO, POS_CATEGORIA) VALUES (65, 'CAIXAS E ESTOJOS', 'S', 14, 1);
INSERT INTO LOJA.CATEGORIA (COD_CATEGORIA, NOM_CATEGORIA, IDF_ATIVO, COD_DEPARTAMENTO, POS_CATEGORIA) VALUES (66, 'RELÓGIOS DECORATIVOS', 'S', 14, 1);
INSERT INTO LOJA.CATEGORIA (COD_CATEGORIA, NOM_CATEGORIA, IDF_ATIVO, COD_DEPARTAMENTO, POS_CATEGORIA) VALUES (67, 'RELÓGIOS INFANTIS', 'S', 14, 1);
INSERT INTO LOJA.CATEGORIA (COD_CATEGORIA, NOM_CATEGORIA, IDF_ATIVO, COD_DEPARTAMENTO, POS_CATEGORIA) VALUES (68, 'MASCULINOS', 'S', 14, 1);
INSERT INTO LOJA.CATEGORIA (COD_CATEGORIA, NOM_CATEGORIA, IDF_ATIVO, COD_DEPARTAMENTO, POS_CATEGORIA) VALUES (69, 'FEININOS', 'S', 14, 1);
INSERT INTO LOJA.CATEGORIA (COD_CATEGORIA, NOM_CATEGORIA, IDF_ATIVO, COD_DEPARTAMENTO, POS_CATEGORIA) VALUES (70, 'UNISEX', 'S', 14, 1);
INSERT INTO LOJA.CATEGORIA (COD_CATEGORIA, NOM_CATEGORIA, IDF_ATIVO, COD_DEPARTAMENTO, POS_CATEGORIA) VALUES (71, 'AQUECEDORES', 'S', 12, 1);
INSERT INTO LOJA.CATEGORIA (COD_CATEGORIA, NOM_CATEGORIA, IDF_ATIVO, COD_DEPARTAMENTO, POS_CATEGORIA) VALUES (72, 'AR CONDICIONADO', 'S', 12, 1);
INSERT INTO LOJA.CATEGORIA (COD_CATEGORIA, NOM_CATEGORIA, IDF_ATIVO, COD_DEPARTAMENTO, POS_CATEGORIA) VALUES (73, 'CLIMATIZADORES', 'S', 12, 1);
INSERT INTO LOJA.CATEGORIA (COD_CATEGORIA, NOM_CATEGORIA, IDF_ATIVO, COD_DEPARTAMENTO, POS_CATEGORIA) VALUES (74, 'CORTINA DE AR', 'S', 12, 1);
INSERT INTO LOJA.CATEGORIA (COD_CATEGORIA, NOM_CATEGORIA, IDF_ATIVO, COD_DEPARTAMENTO, POS_CATEGORIA) VALUES (75, 'CLIMATIZADORES', 'S', 12, 1);
INSERT INTO LOJA.CATEGORIA (COD_CATEGORIA, NOM_CATEGORIA, IDF_ATIVO, COD_DEPARTAMENTO, POS_CATEGORIA) VALUES (76, 'CORTINA DE AR', 'S', 12, 1);
INSERT INTO LOJA.CATEGORIA (COD_CATEGORIA, NOM_CATEGORIA, IDF_ATIVO, COD_DEPARTAMENTO, POS_CATEGORIA) VALUES (77, 'TRATAMENTO DE AR', 'S', 12, 1);
INSERT INTO LOJA.CATEGORIA (COD_CATEGORIA, NOM_CATEGORIA, IDF_ATIVO, COD_DEPARTAMENTO, POS_CATEGORIA) VALUES (78, 'VENTILADORES E CIRCUADORES', 'S', 12, 1);
INSERT INTO LOJA.CATEGORIA (COD_CATEGORIA, NOM_CATEGORIA, IDF_ATIVO, COD_DEPARTAMENTO, POS_CATEGORIA) VALUES (79, 'AQUECEDORES A GÁS E ACESSÓRIOS', 'S', 12, 1);

-- ---------------------------------------------------------------------
-- FABRICANTE
-- ---------------------------------------------------------------------
INSERT INTO LOJA.FABRICANTE (COD_FABRICANTE, NOM_FABRICANTE, SITE_FABRICANTE, IDF_ATIVO) VALUES (1, 'ACER', NULL, 'S');
INSERT INTO LOJA.FABRICANTE (COD_FABRICANTE, NOM_FABRICANTE, SITE_FABRICANTE, IDF_ATIVO) VALUES (2, 'APPLE', NULL, 'S');
INSERT INTO LOJA.FABRICANTE (COD_FABRICANTE, NOM_FABRICANTE, SITE_FABRICANTE, IDF_ATIVO) VALUES (3, 'ASUS', NULL, 'S');
INSERT INTO LOJA.FABRICANTE (COD_FABRICANTE, NOM_FABRICANTE, SITE_FABRICANTE, IDF_ATIVO) VALUES (4, 'DELL', NULL, 'S');
INSERT INTO LOJA.FABRICANTE (COD_FABRICANTE, NOM_FABRICANTE, SITE_FABRICANTE, IDF_ATIVO) VALUES (5, 'HP', NULL, 'S');
INSERT INTO LOJA.FABRICANTE (COD_FABRICANTE, NOM_FABRICANTE, SITE_FABRICANTE, IDF_ATIVO) VALUES (6, 'LENOVO', NULL, 'S');
INSERT INTO LOJA.FABRICANTE (COD_FABRICANTE, NOM_FABRICANTE, SITE_FABRICANTE, IDF_ATIVO) VALUES (7, 'LG', NULL, 'S');
INSERT INTO LOJA.FABRICANTE (COD_FABRICANTE, NOM_FABRICANTE, SITE_FABRICANTE, IDF_ATIVO) VALUES (8, 'POSITIVO', NULL, 'S');
INSERT INTO LOJA.FABRICANTE (COD_FABRICANTE, NOM_FABRICANTE, SITE_FABRICANTE, IDF_ATIVO) VALUES (9, 'SAMSUNG', NULL, 'S');
INSERT INTO LOJA.FABRICANTE (COD_FABRICANTE, NOM_FABRICANTE, SITE_FABRICANTE, IDF_ATIVO) VALUES (10, 'SEMP-TOSHIBA', NULL, 'S');
INSERT INTO LOJA.FABRICANTE (COD_FABRICANTE, NOM_FABRICANTE, SITE_FABRICANTE, IDF_ATIVO) VALUES (11, 'SONY', NULL, 'S');
INSERT INTO LOJA.FABRICANTE (COD_FABRICANTE, NOM_FABRICANTE, SITE_FABRICANTE, IDF_ATIVO) VALUES (12, 'SANDISK', NULL, 'S');
INSERT INTO LOJA.FABRICANTE (COD_FABRICANTE, NOM_FABRICANTE, SITE_FABRICANTE, IDF_ATIVO) VALUES (13, 'KINGSTON', NULL, 'S');
INSERT INTO LOJA.FABRICANTE (COD_FABRICANTE, NOM_FABRICANTE, SITE_FABRICANTE, IDF_ATIVO) VALUES (14, 'MULTILASER', NULL, 'S');

-- ---------------------------------------------------------------------
-- PRODUTO
-- ---------------------------------------------------------------------
INSERT INTO LOJA.PRODUTO (COD_PRODUTO, NOM_PRODUTO, DSC_PRODUTO, IMG_PRODUTO, EST_PRODUTO, PCO_PRODUTO, NUM_DIAS_PREV_ENTREGA, COD_CATEGORIA, COD_FABRICANTE) VALUES (9, 'Notebook Acer Aspire E1-572-6_BR648 com Intel® Core™ i5-4200U, 6GB, 500GB, Gravador de DVD, Leitor de Cartões, HDMI, Wireless, LED 15.6" e Windows 8.1', 'Notebook Acer Aspire E1-572-6_BR648 com Intel® Core™ i5-4200U, 6GB, 500GB, Gravador de DVD, Leitor de Cartões, HDMI, Wireless, LED 15.6" e Windows 8.1', NULL, 10, 1598.99, 'S', 6, 3, 1);
INSERT INTO LOJA.PRODUTO (COD_PRODUTO, NOM_PRODUTO, DSC_PRODUTO, IMG_PRODUTO, EST_PRODUTO, PCO_PRODUTO, NUM_DIAS_PREV_ENTREGA, COD_CATEGORIA, COD_FABRICANTE) VALUES (10, 'Notebook Samsung ATIV Book 2 270E4E-KD6 com Intel® Dual Core, 4GB, 500GB, Gravador de DVD, Leitor de Cartões, HDMI, Bluetooth 4.0, LED 14" e Windows 8', 'Notebook Samsung ATIV Book 2 270E4E-KD6 com Intel® Dual Core, 4GB, 500GB, Gravador de DVD, Leitor de Cartões, HDMI, Bluetooth 4.0, LED 14" e Windows 8', NULL, 10, 1108.48, 'S', 7, 3, 9);
INSERT INTO LOJA.PRODUTO (COD_PRODUTO, NOM_PRODUTO, DSC_PRODUTO, IMG_PRODUTO, EST_PRODUTO, PCO_PRODUTO, NUM_DIAS_PREV_ENTREGA, COD_CATEGORIA, COD_FABRICANTE) VALUES (11, 'Notebook 2 em 1 Touch HP Pavilion x360 11-n022br Processador Intel® Celeron®, Windows 8.1, 4GB, 500GB, 25GB grátis na Nuvem, Beats Audio, LED 11.6"', 'Notebook 2 em 1 Touch HP Pavilion x360 11-n022br Processador Intel® Celeron®, Windows 8.1, 4GB, 500GB, 25GB grátis na Nuvem, Beats Audio, LED 11.6"', NULL, 10, 1399, 'S', 9, 3, 5);
INSERT INTO LOJA.PRODUTO (COD_PRODUTO, NOM_PRODUTO, DSC_PRODUTO, IMG_PRODUTO, EST_PRODUTO, PCO_PRODUTO, NUM_DIAS_PREV_ENTREGA, COD_CATEGORIA, COD_FABRICANTE) VALUES (12, 'Notebook Asus X551MA-BRAL-SX207H com Intel® Quad Core, 4GB, 500GB, Gravador de DVD, Leitor de Cartões, HDMI, Wireless, Webcam, LED 15.6" e Windows 8.1', 'Notebook Asus X551MA-BRAL-SX207H com Intel® Quad Core, 4GB, 500GB, Gravador de DVD, Leitor de Cartões, HDMI, Wireless, Webcam, LED 15.6" e Windows 8.1', NULL, 10, 1061.65, 'S', 5, 3, 3);
INSERT INTO LOJA.PRODUTO (COD_PRODUTO, NOM_PRODUTO, DSC_PRODUTO, IMG_PRODUTO, EST_PRODUTO, PCO_PRODUTO, NUM_DIAS_PREV_ENTREGA, COD_CATEGORIA, COD_FABRICANTE) VALUES (13, 'Notebook Lenovo G400S com Intel® Core™ i5-3230M, 4GB, 1TB, Gravador de DVD, Leitor de Cartões, HDMI, Wireless, Webcam, LED 14" e Windows 8.1', 'Notebook Lenovo G400S com Intel® Core™ i5-3230M, 4GB, 1TB, Gravador de DVD, Leitor de Cartões, HDMI, Wireless, Webcam, LED 14" e Windows 8.1', NULL, 10, 1399, 'S', 7, 3, 6);
INSERT INTO LOJA.PRODUTO (COD_PRODUTO, NOM_PRODUTO, DSC_PRODUTO, IMG_PRODUTO, EST_PRODUTO, PCO_PRODUTO, NUM_DIAS_PREV_ENTREGA, COD_CATEGORIA, COD_FABRICANTE) VALUES (14, 'Impressora Monocromática Laser - Samsung ML-2165', 'Impressora Monocromática Laser - Samsung ML-2165', NULL, 10, 269, 'S', 12, 8, 9);
INSERT INTO LOJA.PRODUTO (COD_PRODUTO, NOM_PRODUTO, DSC_PRODUTO, IMG_PRODUTO, EST_PRODUTO, PCO_PRODUTO, NUM_DIAS_PREV_ENTREGA, COD_CATEGORIA, COD_FABRICANTE) VALUES (15, 'Impressora Jato de Tinta HP Designjet T120 ePrinter Series CQ891A#B1K', 'Impressora Jato de Tinta HP Designjet T120 ePrinter Series CQ891A#B1K', NULL, 10, 3959, 'S', 12, 8, 5);
INSERT INTO LOJA.PRODUTO (COD_PRODUTO, NOM_PRODUTO, DSC_PRODUTO, IMG_PRODUTO, EST_PRODUTO, PCO_PRODUTO, NUM_DIAS_PREV_ENTREGA, COD_CATEGORIA, COD_FABRICANTE) VALUES (16, 'Impressora HP LaserJet Pro P1102w Wireless com ePrint', 'Impressora HP LaserJet Pro P1102w Wireless com ePrint', NULL, 10, 447, 'S', 12, 8, 5);
INSERT INTO LOJA.PRODUTO (COD_PRODUTO, NOM_PRODUTO, DSC_PRODUTO, IMG_PRODUTO, EST_PRODUTO, PCO_PRODUTO, NUM_DIAS_PREV_ENTREGA, COD_CATEGORIA, COD_FABRICANTE) VALUES (17, 'Impressora HP LaserJet Pro P1102 CE651A#696 - Branco/Cinza', 'Impressora HP LaserJet Pro P1102 CE651A#696 - Branco/Cinza', NULL, 10, 381.65, 'S', 12, 8, 5);
INSERT INTO LOJA.PRODUTO (COD_PRODUTO, NOM_PRODUTO, DSC_PRODUTO, IMG_PRODUTO, EST_PRODUTO, PCO_PRODUTO, NUM_DIAS_PREV_ENTREGA, COD_CATEGORIA, COD_FABRICANTE) VALUES (18, 'Pen Drive SanDisk Cruzer Blade 16GB', 'Pen Drive SanDisk Cruzer Blade 16GB', NULL, 10, 29.66, 'S', 12, 14, 12);
INSERT INTO LOJA.PRODUTO (COD_PRODUTO, NOM_PRODUTO, DSC_PRODUTO, IMG_PRODUTO, EST_PRODUTO, PCO_PRODUTO, NUM_DIAS_PREV_ENTREGA, COD_CATEGORIA, COD_FABRICANTE) VALUES (19, 'Pen Drive SanDisk Ultra® Dual Drive com USB 2.0 e Micro-USB 32GB - Preto', 'Pen Drive SanDisk Ultra® Dual Drive com USB 2.0 e Micro-USB 32GB - Preto', NULL, 10, 76.42, 'S', 12, 14, 12);
INSERT INTO LOJA.PRODUTO (COD_PRODUTO, NOM_PRODUTO, DSC_PRODUTO, IMG_PRODUTO, EST_PRODUTO, PCO_PRODUTO, NUM_DIAS_PREV_ENTREGA, COD_CATEGORIA, COD_FABRICANTE) VALUES (20, 'Pen Drive Kingston Data Traveler 101G2 32GB - Roxo', 'Pen Drive Kingston Data Traveler 101G2 32GB - Roxo', NULL, 10, 103.62, 'S', 12, 14, 13);
INSERT INTO LOJA.PRODUTO (COD_PRODUTO, NOM_PRODUTO, DSC_PRODUTO, IMG_PRODUTO, EST_PRODUTO, PCO_PRODUTO, NUM_DIAS_PREV_ENTREGA, COD_CATEGORIA, COD_FABRICANTE) VALUES (21, 'Pen Drive Multilaser Nano 8GB - Preto', 'Pen Drive Multilaser Nano 8GB - Preto', NULL, 10, 27.30, 'S', 12, 14, 14);
INSERT INTO LOJA.PRODUTO (COD_PRODUTO, NOM_PRODUTO, DSC_PRODUTO, IMG_PRODUTO, EST_PRODUTO, PCO_PRODUTO, NUM_DIAS_PREV_ENTREGA, COD_CATEGORIA, COD_FABRICANTE) VALUES (22, 'Tablet Samsung Galaxy Tab 3 Lite SMT111M Branco com Tela 7”, Wi-Fi, 3G, 8GB, Processador Dual Core de 1.2GHz, Câm. 2MP, AGPS, Bluetooth e Android 4.2 - Tablet Samsung Galaxy Tab 3 Lite', 'Tablet Samsung Galaxy Tab 3 Lite SMT111M Branco com Tela 7”, Wi-Fi, 3G, 8GB, Processador Dual Core de 1.2GHz, Câm. 2MP, AGPS, Bluetooth e Android 4.2 - Tablet Samsung Galaxy Tab 3 Lite', NULL, 10, 551.65, 'S', 12, 10, 9);
INSERT INTO LOJA.PRODUTO (COD_PRODUTO, NOM_PRODUTO, DSC_PRODUTO, IMG_PRODUTO, EST_PRODUTO, PCO_PRODUTO, NUM_DIAS_PREV_ENTREGA, COD_CATEGORIA, COD_FABRICANTE) VALUES (23, 'Tablet Samsung Galaxy Tab 4 7.0 com Tela 7”, com TV Digital, 8GB, Processador Quad Core 1.2 Ghz, Câmera 3MP, Wi-Fi, GPS e Android 4.4 - Branco - Tablet Samsung Galaxy Tab 4 7.0 com Tela 7”', 'Tablet Samsung Galaxy Tab 4 7.0 com Tela 7”, com TV Digital, 8GB, Processador Quad Core 1.2 Ghz, Câmera 3MP, Wi-Fi, GPS e Android 4.4 - Branco - Tablet Samsung Galaxy Tab 4 7.0 com Tela 7”', NULL, 10, 662.15, 'S', 12, 10, 9);
INSERT INTO LOJA.PRODUTO (COD_PRODUTO, NOM_PRODUTO, DSC_PRODUTO, IMG_PRODUTO, EST_PRODUTO, PCO_PRODUTO, NUM_DIAS_PREV_ENTREGA, COD_CATEGORIA, COD_FABRICANTE) VALUES (24, 'iPad Air com Tela Retina Apple Wi-Fi com 32GB, Bluetooth 4.0, Câmera HD, Bússola Digital, Tela 9,7" e iOS 7 - Space GrayiPad Air com Tela Retina Apple Wi-Fi 32GB', 'iPad Air com Tela Retina Apple Wi-Fi com 32GB, Bluetooth 4.0, Câmera HD, Bússola Digital, Tela 9,7" e iOS 7 - Space GrayiPad Air com Tela Retina Apple Wi-Fi 32GB', NULL, 10, 1528.22, 'S', 12, 10, 2);
INSERT INTO LOJA.PRODUTO (COD_PRODUTO, NOM_PRODUTO, DSC_PRODUTO, IMG_PRODUTO, EST_PRODUTO, PCO_PRODUTO, NUM_DIAS_PREV_ENTREGA, COD_CATEGORIA, COD_FABRICANTE) VALUES (25, 'iPad Air com Tela Retina Apple Wi-Fi + 3G/4G* com 32GB, Bluetooth 4.0, Câmera HD, Bússola Digital, GPS, Tela 9,7" e iOS 7 - Silver', 'iPad Air com Tela Retina Apple Wi-Fi + 3G/4G* com 32GB, Bluetooth 4.0, Câmera HD, Bússola Digital, GPS, Tela 9,7" e iOS 7 - Silver', NULL, 10, 1869.15, 'S', 12, 10, 2);

-- ---------------------------------------------------------------------
-- CARACTERISTICA
-- ---------------------------------------------------------------------
INSERT INTO LOJA.CARACTERISTICA (COD_CARACTERISTICA, NOM_CARACTERISTICA, IDF_ATIVO) VALUES (1, 'PROCESSADOR', 'S');
INSERT INTO LOJA.CARACTERISTICA (COD_CARACTERISTICA, NOM_CARACTERISTICA, IDF_ATIVO) VALUES (2, 'MEMORIA RAM', 'S');
INSERT INTO LOJA.CARACTERISTICA (COD_CARACTERISTICA, NOM_CARACTERISTICA, IDF_ATIVO) VALUES (3, 'CAPACIDADE DO HD', 'S');
INSERT INTO LOJA.CARACTERISTICA (COD_CARACTERISTICA, NOM_CARACTERISTICA, IDF_ATIVO) VALUES (4, 'MEMORIA FLASH SSD', 'S');
INSERT INTO LOJA.CARACTERISTICA (COD_CARACTERISTICA, NOM_CARACTERISTICA, IDF_ATIVO) VALUES (5, 'SISTEMA OPERACIONAL', 'S');
INSERT INTO LOJA.CARACTERISTICA (COD_CARACTERISTICA, NOM_CARACTERISTICA, IDF_ATIVO) VALUES (6, 'TAMANHO DA TELA', 'S');
INSERT INTO LOJA.CARACTERISTICA (COD_CARACTERISTICA, NOM_CARACTERISTICA, IDF_ATIVO) VALUES (7, 'CARACTERISTICAS', 'S');
INSERT INTO LOJA.CARACTERISTICA (COD_CARACTERISTICA, NOM_CARACTERISTICA, IDF_ATIVO) VALUES (8, 'COR', 'S');
INSERT INTO LOJA.CARACTERISTICA (COD_CARACTERISTICA, NOM_CARACTERISTICA, IDF_ATIVO) VALUES (9, 'ACELERADOR GRÁFICO', 'S');
INSERT INTO LOJA.CARACTERISTICA (COD_CARACTERISTICA, NOM_CARACTERISTICA, IDF_ATIVO) VALUES (10, 'FAIXA DE PREÇO', 'S');

-- ---------------------------------------------------------------------
-- PRODUTO_CARACTERISTICA
-- ---------------------------------------------------------------------
INSERT INTO LOJA.PRODUTO_CARACTERISTICA (COD_PRODUTO, COD_CARACTERISTICA, SEQ_CARACTERISTICA, VLR_CARACTERISTICA) VALUES (1, 3, 1, '500GB');
INSERT INTO LOJA.PRODUTO_CARACTERISTICA (COD_PRODUTO, COD_CARACTERISTICA, SEQ_CARACTERISTICA, VLR_CARACTERISTICA) VALUES (2, 3, 2, '500GB');
INSERT INTO LOJA.PRODUTO_CARACTERISTICA (COD_PRODUTO, COD_CARACTERISTICA, SEQ_CARACTERISTICA, VLR_CARACTERISTICA) VALUES (3, 3, 3, '1TB');
INSERT INTO LOJA.PRODUTO_CARACTERISTICA (COD_PRODUTO, COD_CARACTERISTICA, SEQ_CARACTERISTICA, VLR_CARACTERISTICA) VALUES (4, 3, 4, '1TB');
INSERT INTO LOJA.PRODUTO_CARACTERISTICA (COD_PRODUTO, COD_CARACTERISTICA, SEQ_CARACTERISTICA, VLR_CARACTERISTICA) VALUES (1, 4, 1, '20GB');
INSERT INTO LOJA.PRODUTO_CARACTERISTICA (COD_PRODUTO, COD_CARACTERISTICA, SEQ_CARACTERISTICA, VLR_CARACTERISTICA) VALUES (2, 4, 2, '20GB');
INSERT INTO LOJA.PRODUTO_CARACTERISTICA (COD_PRODUTO, COD_CARACTERISTICA, SEQ_CARACTERISTICA, VLR_CARACTERISTICA) VALUES (3, 4, 3, '30GB');
INSERT INTO LOJA.PRODUTO_CARACTERISTICA (COD_PRODUTO, COD_CARACTERISTICA, SEQ_CARACTERISTICA, VLR_CARACTERISTICA) VALUES (4, 4, 4, '30GB');
INSERT INTO LOJA.PRODUTO_CARACTERISTICA (COD_PRODUTO, COD_CARACTERISTICA, SEQ_CARACTERISTICA, VLR_CARACTERISTICA) VALUES (1, 5, 1, 'WINDOWS 8');
INSERT INTO LOJA.PRODUTO_CARACTERISTICA (COD_PRODUTO, COD_CARACTERISTICA, SEQ_CARACTERISTICA, VLR_CARACTERISTICA) VALUES (2, 5, 2, 'WINDOWS 8.1');
INSERT INTO LOJA.PRODUTO_CARACTERISTICA (COD_PRODUTO, COD_CARACTERISTICA, SEQ_CARACTERISTICA, VLR_CARACTERISTICA) VALUES (3, 5, 3, 'WINDOWS 8.1');
INSERT INTO LOJA.PRODUTO_CARACTERISTICA (COD_PRODUTO, COD_CARACTERISTICA, SEQ_CARACTERISTICA, VLR_CARACTERISTICA) VALUES (4, 5, 4, 'WINDOWS 8');
INSERT INTO LOJA.PRODUTO_CARACTERISTICA (COD_PRODUTO, COD_CARACTERISTICA, SEQ_CARACTERISTICA, VLR_CARACTERISTICA) VALUES (1, 6, 1, '14"');
INSERT INTO LOJA.PRODUTO_CARACTERISTICA (COD_PRODUTO, COD_CARACTERISTICA, SEQ_CARACTERISTICA, VLR_CARACTERISTICA) VALUES (2, 6, 2, '14"');
INSERT INTO LOJA.PRODUTO_CARACTERISTICA (COD_PRODUTO, COD_CARACTERISTICA, SEQ_CARACTERISTICA, VLR_CARACTERISTICA) VALUES (3, 6, 3, '14"');
INSERT INTO LOJA.PRODUTO_CARACTERISTICA (COD_PRODUTO, COD_CARACTERISTICA, SEQ_CARACTERISTICA, VLR_CARACTERISTICA) VALUES (4, 6, 4, '14"');
INSERT INTO LOJA.PRODUTO_CARACTERISTICA (COD_PRODUTO, COD_CARACTERISTICA, SEQ_CARACTERISTICA, VLR_CARACTERISTICA) VALUES (1, 7, 1, 'PRETO');
INSERT INTO LOJA.PRODUTO_CARACTERISTICA (COD_PRODUTO, COD_CARACTERISTICA, SEQ_CARACTERISTICA, VLR_CARACTERISTICA) VALUES (2, 7, 2, 'PRETO');
INSERT INTO LOJA.PRODUTO_CARACTERISTICA (COD_PRODUTO, COD_CARACTERISTICA, SEQ_CARACTERISTICA, VLR_CARACTERISTICA) VALUES (3, 7, 3, 'BRANCO');
INSERT INTO LOJA.PRODUTO_CARACTERISTICA (COD_PRODUTO, COD_CARACTERISTICA, SEQ_CARACTERISTICA, VLR_CARACTERISTICA) VALUES (4, 7, 4, 'PRETO');

SET FOREIGN_KEY_CHECKS = 1;
